id,family,status,reason
css2d_label,css2d,external,"Requires CSS2D/CSS3D DOM renderer, not framebuffer rasterization."
css3d_mixed,css3d,external,"Requires CSS2D/CSS3D DOM renderer, not framebuffer rasterization."
css3d_molecules,css3d,external,"Requires CSS2D/CSS3D DOM renderer, not framebuffer rasterization."
css3d_orthographic,css3d,external,"Requires CSS2D/CSS3D DOM renderer, not framebuffer rasterization."
css3d_periodictable,css3d,external,"Requires CSS2D/CSS3D DOM renderer, not framebuffer rasterization."
css3d_sandbox,css3d,external,"Requires CSS2D/CSS3D DOM renderer, not framebuffer rasterization."
css3d_sprites,css3d,external,"Requires CSS2D/CSS3D DOM renderer, not framebuffer rasterization."
css3d_youtube,css3d,external,"Requires CSS2D/CSS3D DOM renderer, not framebuffer rasterization."
games_fps,games,external,Requires first-person input/pointer-lock game integration.
misc_animation_groups,misc,adapt,"CPU scene is feasible, but EASEL needs an API/data/control/asset adaptation; no GPU pipeline is required."
misc_animation_keys,misc,adapt,"CPU scene is feasible, but EASEL needs an API/data/control/asset adaptation; no GPU pipeline is required."
misc_boxselection,misc,adapt,"CPU scene is feasible, but EASEL needs an API/data/control/asset adaptation; no GPU pipeline is required."
misc_controls_arcball,misc,external,Requires a browser input/control integration; CPU Canvas2D camera/object manipulation is permitted.
misc_controls_drag,misc,external,Requires a browser input/control integration; CPU Canvas2D camera/object manipulation is permitted.
misc_controls_fly,misc,external,Requires a browser input/control integration; CPU Canvas2D camera/object manipulation is permitted.
misc_controls_map,misc,external,Requires a browser input/control integration; CPU Canvas2D camera/object manipulation is permitted.
misc_controls_orbit,misc,adapt,"CPU scene is feasible, but EASEL needs an API/data/control/asset adaptation; no GPU pipeline is required."
misc_controls_pointerlock,misc,external,Requires a browser input/control integration; CPU Canvas2D camera/object manipulation is permitted.
misc_controls_trackball,misc,external,Requires a browser input/control integration; CPU Canvas2D camera/object manipulation is permitted.
misc_controls_transform,misc,external,Requires a browser input/control integration; CPU Canvas2D camera/object manipulation is permitted.
misc_exporter_draco,misc,external,Requires a format importer/exporter and usually external assets/decoders.
misc_exporter_exr,misc,external,Requires a format importer/exporter and usually external assets/decoders.
misc_exporter_gcode,misc,external,Requires a format importer/exporter and usually external assets/decoders.
misc_exporter_gltf,misc,external,Requires a format importer/exporter and usually external assets/decoders.
misc_exporter_gltf_normals,misc,external,Requires a format importer/exporter and usually external assets/decoders.
misc_exporter_ktx2,misc,external,Requires a format importer/exporter and usually external assets/decoders.
misc_exporter_obj,misc,external,Requires a format importer/exporter and usually external assets/decoders.
misc_exporter_ply,misc,external,Requires a format importer/exporter and usually external assets/decoders.
misc_exporter_stl,misc,external,Requires a format importer/exporter and usually external assets/decoders.
misc_exporter_usdz,misc,external,Requires a format importer/exporter and usually external assets/decoders.
misc_raycaster_helper,misc,adapt,"CPU scene is feasible, but EASEL needs an API/data/control/asset adaptation; no GPU pipeline is required."
misc_uv_tests,misc,adapt,"CPU scene is feasible, but EASEL needs an API/data/control/asset adaptation; no GPU pipeline is required."
physics_ammo_break,physics,external,Requires Ammo/Jolt/Rapier simulation integration.
physics_ammo_cloth,physics,external,Requires Ammo/Jolt/Rapier simulation integration.
physics_ammo_instancing,physics,external,Requires Ammo/Jolt/Rapier simulation integration.
physics_ammo_rope,physics,external,Requires Ammo/Jolt/Rapier simulation integration.
physics_ammo_terrain,physics,external,Requires Ammo/Jolt/Rapier simulation integration.
physics_ammo_volume,physics,external,Requires Ammo/Jolt/Rapier simulation integration.
physics_jolt_instancing,physics,external,Requires Ammo/Jolt/Rapier simulation integration.
physics_rapier_basic,physics,external,Requires Ammo/Jolt/Rapier simulation integration.
physics_rapier_character_controller,physics,external,Requires Ammo/Jolt/Rapier simulation integration.
physics_rapier_instancing,physics,external,Requires Ammo/Jolt/Rapier simulation integration.
physics_rapier_joints,physics,external,Requires Ammo/Jolt/Rapier simulation integration.
physics_rapier_terrain,physics,external,Requires Ammo/Jolt/Rapier simulation integration.
physics_rapier_vehicle_controller,physics,external,Requires Ammo/Jolt/Rapier simulation integration.
svg_lines,svg,external,Requires SVG/DOM renderer or SVGLoader conversion not supplied by EASEL.
svg_sandbox,svg,external,Requires SVG/DOM renderer or SVGLoader conversion not supplied by EASEL.
webaudio_orientation,webaudio,external,Requires Web Audio runtime and audio graph integration.
webaudio_sandbox,webaudio,external,Requires Web Audio runtime and audio graph integration.
webaudio_timing,webaudio,external,Requires Web Audio runtime and audio graph integration.
webaudio_visualizer,webaudio,external,Requires Web Audio runtime and audio graph integration.
webgl_animation_keyframes,webgl,adapt,"CPU scene is feasible, but EASEL needs an API/data/control/asset adaptation; no GPU pipeline is required."
webgl_animation_multiple,webgl,adapt,"CPU scene is feasible, but EASEL needs an API/data/control/asset adaptation; no GPU pipeline is required."
webgl_animation_skinning_additive_blending,webgl,adapt,"CPU scene is feasible, but EASEL needs an API/data/control/asset adaptation; no GPU pipeline is required."
webgl_animation_skinning_blending,webgl,adapt,"CPU scene is feasible, but EASEL needs an API/data/control/asset adaptation; no GPU pipeline is required."
webgl_animation_skinning_ik,webgl,adapt,"CPU scene is feasible, but EASEL needs an API/data/control/asset adaptation; no GPU pipeline is required."
webgl_animation_skinning_morph,webgl,adapt,"CPU scene is feasible, but EASEL needs an API/data/control/asset adaptation; no GPU pipeline is required."
webgl_animation_walk,webgl,adapt,"CPU scene is feasible, but EASEL needs an API/data/control/asset adaptation; no GPU pipeline is required."
webgl_batch_lod_bvh,webgl,adapt,"CPU scene is feasible, but EASEL needs an API/data/control/asset adaptation; no GPU pipeline is required."
webgl_buffergeometry,webgl,direct,Core scene/CPU primitive feature set is present; port changes package import and Renderer setup only.
webgl_buffergeometry_attributes_integer,webgl,adapt,"CPU scene is feasible, but EASEL needs an API/data/control/asset adaptation; no GPU pipeline is required."
webgl_buffergeometry_attributes_none,webgl,adapt,"CPU scene is feasible, but EASEL needs an API/data/control/asset adaptation; no GPU pipeline is required."
webgl_buffergeometry_custom_attributes_particles,webgl,unsupported_gpu,"Uses WebGL/WebGPU-only shaders, compute, render targets, postprocessing, shadow/PBR/environment pipeline, or GPU-specific capability."
webgl_buffergeometry_drawrange,webgl,adapt,"CPU scene is feasible, but EASEL needs an API/data/control/asset adaptation; no GPU pipeline is required."
webgl_buffergeometry_glbufferattribute,webgl,unsupported_gpu,"Uses WebGL/WebGPU-only shaders, compute, render targets, postprocessing, shadow/PBR/environment pipeline, or GPU-specific capability."
webgl_buffergeometry_indexed,webgl,direct,Core scene/CPU primitive feature set is present; port changes package import and Renderer setup only.
webgl_buffergeometry_instancing,webgl,adapt,"CPU scene is feasible, but EASEL needs an API/data/control/asset adaptation; no GPU pipeline is required."
webgl_buffergeometry_instancing_billboards,webgl,unsupported_gpu,"Uses WebGL/WebGPU-only shaders, compute, render targets, postprocessing, shadow/PBR/environment pipeline, or GPU-specific capability."
webgl_buffergeometry_instancing_interleaved,webgl,adapt,"CPU scene is feasible, but EASEL needs an API/data/control/asset adaptation; no GPU pipeline is required."
webgl_buffergeometry_lines,webgl,direct,Core scene/CPU primitive feature set is present; port changes package import and Renderer setup only.
webgl_buffergeometry_lines_indexed,webgl,direct,Core scene/CPU primitive feature set is present; port changes package import and Renderer setup only.
webgl_buffergeometry_points,webgl,unsupported_gpu,"Uses WebGL/WebGPU-only shaders, compute, render targets, postprocessing, shadow/PBR/environment pipeline, or GPU-specific capability."
webgl_buffergeometry_points_interleaved,webgl,unsupported_gpu,"Uses WebGL/WebGPU-only shaders, compute, render targets, postprocessing, shadow/PBR/environment pipeline, or GPU-specific capability."
webgl_buffergeometry_rawshader,webgl,unsupported_gpu,"Uses WebGL/WebGPU-only shaders, compute, render targets, postprocessing, shadow/PBR/environment pipeline, or GPU-specific capability."
webgl_buffergeometry_selective_draw,webgl,adapt,"CPU scene is feasible, but EASEL needs an API/data/control/asset adaptation; no GPU pipeline is required."
webgl_buffergeometry_uint,webgl,unsupported_gpu,"Uses WebGL/WebGPU-only shaders, compute, render targets, postprocessing, shadow/PBR/environment pipeline, or GPU-specific capability."
webgl_camera,webgl,direct,Core scene/CPU primitive feature set is present; port changes package import and Renderer setup only.
webgl_camera_array,webgl,unsupported_gpu,"Uses WebGL/WebGPU-only shaders, compute, render targets, postprocessing, shadow/PBR/environment pipeline, or GPU-specific capability."
webgl_camera_logarithmicdepthbuffer,webgl,unsupported_gpu,"Uses WebGL/WebGPU-only shaders, compute, render targets, postprocessing, shadow/PBR/environment pipeline, or GPU-specific capability."
webgl_clipculldistance,webgl,unsupported_gpu,"Uses WebGL/WebGPU-only shaders, compute, render targets, postprocessing, shadow/PBR/environment pipeline, or GPU-specific capability."
webgl_clipping,webgl,unsupported_gpu,"Uses WebGL/WebGPU-only shaders, compute, render targets, postprocessing, shadow/PBR/environment pipeline, or GPU-specific capability."
webgl_clipping_advanced,webgl,unsupported_gpu,"Uses WebGL/WebGPU-only shaders, compute, render targets, postprocessing, shadow/PBR/environment pipeline, or GPU-specific capability."
webgl_clipping_intersection,webgl,unsupported_gpu,"Uses WebGL/WebGPU-only shaders, compute, render targets, postprocessing, shadow/PBR/environment pipeline, or GPU-specific capability."
webgl_clipping_stencil,webgl,unsupported_gpu,"Uses WebGL/WebGPU-only shaders, compute, render targets, postprocessing, shadow/PBR/environment pipeline, or GPU-specific capability."
webgl_custom_attributes,webgl,unsupported_gpu,"Uses WebGL/WebGPU-only shaders, compute, render targets, postprocessing, shadow/PBR/environment pipeline, or GPU-specific capability."
webgl_custom_attributes_lines,webgl,unsupported_gpu,"Uses WebGL/WebGPU-only shaders, compute, render targets, postprocessing, shadow/PBR/environment pipeline, or GPU-specific capability."
webgl_custom_attributes_points,webgl,unsupported_gpu,"Uses WebGL/WebGPU-only shaders, compute, render targets, postprocessing, shadow/PBR/environment pipeline, or GPU-specific capability."
webgl_custom_attributes_points2,webgl,unsupported_gpu,"Uses WebGL/WebGPU-only shaders, compute, render targets, postprocessing, shadow/PBR/environment pipeline, or GPU-specific capability."
webgl_custom_attributes_points3,webgl,unsupported_gpu,"Uses WebGL/WebGPU-only shaders, compute, render targets, postprocessing, shadow/PBR/environment pipeline, or GPU-specific capability."
webgl_decals,webgl,unsupported_gpu,"Uses WebGL/WebGPU-only shaders, compute, render targets, postprocessing, shadow/PBR/environment pipeline, or GPU-specific capability."
webgl_depth_texture,webgl,unsupported_gpu,"Uses WebGL/WebGPU-only shaders, compute, render targets, postprocessing, shadow/PBR/environment pipeline, or GPU-specific capability."
webgl_effects_anaglyph,webgl,unsupported_gpu,"Uses WebGL/WebGPU-only shaders, compute, render targets, postprocessing, shadow/PBR/environment pipeline, or GPU-specific capability."
webgl_effects_ascii,webgl,unsupported_gpu,"Uses WebGL/WebGPU-only shaders, compute, render targets, postprocessing, shadow/PBR/environment pipeline, or GPU-specific capability."
webgl_effects_parallaxbarrier,webgl,unsupported_gpu,"Uses WebGL/WebGPU-only shaders, compute, render targets, postprocessing, shadow/PBR/environment pipeline, or GPU-specific capability."
webgl_effects_stereo,webgl,unsupported_gpu,"Uses WebGL/WebGPU-only shaders, compute, render targets, postprocessing, shadow/PBR/environment pipeline, or GPU-specific capability."
webgl_framebuffer_texture,webgl,unsupported_gpu,"Uses WebGL/WebGPU-only shaders, compute, render targets, postprocessing, shadow/PBR/environment pipeline, or GPU-specific capability."
webgl_furnace_test,webgl,unsupported_gpu,"Uses WebGL/WebGPU-only shaders, compute, render targets, postprocessing, shadow/PBR/environment pipeline, or GPU-specific capability."
webgl_geometries,webgl,adapt,Phong material and repeated texture semantics require EASEL material/sampler substitution.
webgl_geometry_colors,webgl,adapt,MeshPhongMaterial/shadow visuals require Lambert/Basic CPU substitution.
webgl_geometry_colors_lookuptable,webgl,unsupported_gpu,"Uses WebGL/WebGPU-only shaders, compute, render targets, postprocessing, shadow/PBR/environment pipeline, or GPU-specific capability."
webgl_geometry_convex,webgl,adapt,"CPU scene is feasible, but EASEL needs an API/data/control/asset adaptation; no GPU pipeline is required."
webgl_geometry_csg,webgl,unsupported_gpu,"Uses WebGL/WebGPU-only shaders, compute, render targets, postprocessing, shadow/PBR/environment pipeline, or GPU-specific capability."
webgl_geometry_cube,webgl,adapt,"TextureLoader image is portable, but affine/nearest/size-limited EASEL sampling changes the source result."
webgl_geometry_extrude_shapes,webgl,adapt,TrackballControls is not available; use OrbitControls or a static camera.
webgl_geometry_extrude_splines,webgl,adapt,"CPU scene is feasible, but EASEL needs an API/data/control/asset adaptation; no GPU pipeline is required."
webgl_geometry_minecraft,webgl,adapt,"CPU scene is feasible, but EASEL needs an API/data/control/asset adaptation; no GPU pipeline is required."
webgl_geometry_nurbs,webgl,adapt,"CPU scene is feasible, but EASEL needs an API/data/control/asset adaptation; no GPU pipeline is required."
webgl_geometry_shapes,webgl,adapt,Phong/repeated texture semantics require EASEL material/sampler substitution.
webgl_geometry_spline_editor,webgl,adapt,"CPU scene is feasible, but EASEL needs an API/data/control/asset adaptation; no GPU pipeline is required."
webgl_geometry_teapot,webgl,adapt,"CPU scene is feasible, but EASEL needs an API/data/control/asset adaptation; no GPU pipeline is required."
webgl_geometry_terrain,webgl,adapt,"CPU scene is feasible, but EASEL needs an API/data/control/asset adaptation; no GPU pipeline is required."
webgl_geometry_terrain_raycast,webgl,adapt,"CPU scene is feasible, but EASEL needs an API/data/control/asset adaptation; no GPU pipeline is required."
webgl_geometry_text,webgl,adapt,"CPU scene is feasible, but EASEL needs an API/data/control/asset adaptation; no GPU pipeline is required."
webgl_geometry_text_shapes,webgl,adapt,"CPU scene is feasible, but EASEL needs an API/data/control/asset adaptation; no GPU pipeline is required."
webgl_geometry_text_stroke,webgl,adapt,"CPU scene is feasible, but EASEL needs an API/data/control/asset adaptation; no GPU pipeline is required."
webgl_gpgpu_birds,webgl,unsupported_gpu,"Uses WebGL/WebGPU-only shaders, compute, render targets, postprocessing, shadow/PBR/environment pipeline, or GPU-specific capability."
webgl_gpgpu_birds_gltf,webgl,unsupported_gpu,"Uses WebGL/WebGPU-only shaders, compute, render targets, postprocessing, shadow/PBR/environment pipeline, or GPU-specific capability."
webgl_gpgpu_protoplanet,webgl,unsupported_gpu,"Uses WebGL/WebGPU-only shaders, compute, render targets, postprocessing, shadow/PBR/environment pipeline, or GPU-specific capability."
webgl_gpgpu_water,webgl,unsupported_gpu,"Uses WebGL/WebGPU-only shaders, compute, render targets, postprocessing, shadow/PBR/environment pipeline, or GPU-specific capability."
webgl_helpers,webgl,external,Requires GLTFLoader and helper asset integration absent from EASEL.
webgl_instancing_dynamic,webgl,adapt,"CPU scene is feasible, but EASEL needs an API/data/control/asset adaptation; no GPU pipeline is required."
webgl_instancing_morph,webgl,unsupported_gpu,"Uses WebGL/WebGPU-only shaders, compute, render targets, postprocessing, shadow/PBR/environment pipeline, or GPU-specific capability."
webgl_instancing_performance,webgl,unsupported_gpu,"Uses WebGL/WebGPU-only shaders, compute, render targets, postprocessing, shadow/PBR/environment pipeline, or GPU-specific capability."
webgl_instancing_raycast,webgl,adapt,"CPU scene is feasible, but EASEL needs an API/data/control/asset adaptation; no GPU pipeline is required."
webgl_instancing_scatter,webgl,unsupported_gpu,"Uses WebGL/WebGPU-only shaders, compute, render targets, postprocessing, shadow/PBR/environment pipeline, or GPU-specific capability."
webgl_interactive_buffergeometry,webgl,adapt,"CPU scene is feasible, but EASEL needs an API/data/control/asset adaptation; no GPU pipeline is required."
webgl_interactive_cubes,webgl,adapt,"CPU scene is feasible, but EASEL needs an API/data/control/asset adaptation; no GPU pipeline is required."
webgl_interactive_cubes_gpu,webgl,unsupported_gpu,"Uses WebGL/WebGPU-only shaders, compute, render targets, postprocessing, shadow/PBR/environment pipeline, or GPU-specific capability."
webgl_interactive_cubes_ortho,webgl,adapt,"CPU scene is feasible, but EASEL needs an API/data/control/asset adaptation; no GPU pipeline is required."
webgl_interactive_lines,webgl,unsupported_gpu,"Uses WebGL/WebGPU-only shaders, compute, render targets, postprocessing, shadow/PBR/environment pipeline, or GPU-specific capability."
webgl_interactive_points,webgl,unsupported_gpu,"Uses WebGL/WebGPU-only shaders, compute, render targets, postprocessing, shadow/PBR/environment pipeline, or GPU-specific capability."
webgl_interactive_raycasting_points,webgl,adapt,"CPU scene is feasible, but EASEL needs an API/data/control/asset adaptation; no GPU pipeline is required."
webgl_interactive_voxelpainter,webgl,unsupported_gpu,"Uses WebGL/WebGPU-only shaders, compute, render targets, postprocessing, shadow/PBR/environment pipeline, or GPU-specific capability."
webgl_lensflares,webgl,unsupported_gpu,"Uses WebGL/WebGPU-only shaders, compute, render targets, postprocessing, shadow/PBR/environment pipeline, or GPU-specific capability."
webgl_lightprobe,webgl,unsupported_gpu,"Uses WebGL/WebGPU-only shaders, compute, render targets, postprocessing, shadow/PBR/environment pipeline, or GPU-specific capability."
webgl_lightprobe_cubecamera,webgl,unsupported_gpu,"Uses WebGL/WebGPU-only shaders, compute, render targets, postprocessing, shadow/PBR/environment pipeline, or GPU-specific capability."
webgl_lightprobes,webgl,unsupported_gpu,"Uses WebGL/WebGPU-only shaders, compute, render targets, postprocessing, shadow/PBR/environment pipeline, or GPU-specific capability."
webgl_lightprobes_complex,webgl,unsupported_gpu,"Uses WebGL/WebGPU-only shaders, compute, render targets, postprocessing, shadow/PBR/environment pipeline, or GPU-specific capability."
webgl_lightprobes_sponza,webgl,unsupported_gpu,"Uses WebGL/WebGPU-only shaders, compute, render targets, postprocessing, shadow/PBR/environment pipeline, or GPU-specific capability."
webgl_lights_hemisphere,webgl,adapt,"The page also requires GLTFLoader, ShaderMaterial sky, and shadow-map setup; adapt the hemisphere-light scene."
webgl_lights_physical,webgl,unsupported_gpu,"Uses WebGL/WebGPU-only shaders, compute, render targets, postprocessing, shadow/PBR/environment pipeline, or GPU-specific capability."
webgl_lights_rectarealight,webgl,unsupported_gpu,"Uses WebGL/WebGPU-only shaders, compute, render targets, postprocessing, shadow/PBR/environment pipeline, or GPU-specific capability."
webgl_lights_spotlight,webgl,unsupported_gpu,"Uses WebGL/WebGPU-only shaders, compute, render targets, postprocessing, shadow/PBR/environment pipeline, or GPU-specific capability."
webgl_lights_spotlights,webgl,unsupported_gpu,"Uses WebGL/WebGPU-only shaders, compute, render targets, postprocessing, shadow/PBR/environment pipeline, or GPU-specific capability."
webgl_lines_colors,webgl,direct,Core scene/CPU primitive feature set is present; port changes package import and Renderer setup only.
webgl_lines_dashed,webgl,unsupported_gpu,"Uses WebGL/WebGPU-only shaders, compute, render targets, postprocessing, shadow/PBR/environment pipeline, or GPU-specific capability."
webgl_lines_fat,webgl,unsupported_gpu,"Uses WebGL/WebGPU-only shaders, compute, render targets, postprocessing, shadow/PBR/environment pipeline, or GPU-specific capability."
webgl_lines_fat_raycasting,webgl,unsupported_gpu,"Uses WebGL/WebGPU-only shaders, compute, render targets, postprocessing, shadow/PBR/environment pipeline, or GPU-specific capability."
webgl_lines_fat_wireframe,webgl,unsupported_gpu,"Uses WebGL/WebGPU-only shaders, compute, render targets, postprocessing, shadow/PBR/environment pipeline, or GPU-specific capability."
webgl_loader_3dm,webgl,external,Requires a format importer/exporter and usually external assets/decoders.
webgl_loader_3ds,webgl,external,Requires a format importer/exporter and usually external assets/decoders.
webgl_loader_3dtiles,webgl,external,Requires a format importer/exporter and usually external assets/decoders.
webgl_loader_3mf,webgl,external,Requires a format importer/exporter and usually external assets/decoders.
webgl_loader_3mf_materials,webgl,external,Requires a format importer/exporter and usually external assets/decoders.
webgl_loader_amf,webgl,external,Requires a format importer/exporter and usually external assets/decoders.
webgl_loader_bvh,webgl,external,Requires a format importer/exporter and usually external assets/decoders.
webgl_loader_collada,webgl,external,Requires a format importer/exporter and usually external assets/decoders.
webgl_loader_collada_kinematics,webgl,external,Requires a format importer/exporter and usually external assets/decoders.
webgl_loader_collada_skinning,webgl,external,Requires a format importer/exporter and usually external assets/decoders.
webgl_loader_draco,webgl,external,Requires a format importer/exporter and usually external assets/decoders.
webgl_loader_fbx,webgl,external,Requires a format importer/exporter and usually external assets/decoders.
webgl_loader_fbx_nurbs,webgl,external,Requires a format importer/exporter and usually external assets/decoders.
webgl_loader_gcode,webgl,external,Requires a format importer/exporter and usually external assets/decoders.
webgl_loader_gltf,webgl,external,Requires a format importer/exporter and usually external assets/decoders.
webgl_loader_gltf_animation_pointer,webgl,external,Requires a format importer/exporter and usually external assets/decoders.
webgl_loader_gltf_anisotropy,webgl,external,Requires a format importer/exporter and usually external assets/decoders.
webgl_loader_gltf_avif,webgl,external,Requires a format importer/exporter and usually external assets/decoders.
webgl_loader_gltf_compressed,webgl,external,Requires a format importer/exporter and usually external assets/decoders.
webgl_loader_gltf_dispersion,webgl,external,Requires a format importer/exporter and usually external assets/decoders.
webgl_loader_gltf_instancing,webgl,external,Requires a format importer/exporter and usually external assets/decoders.
webgl_loader_gltf_iridescence,webgl,external,Requires a format importer/exporter and usually external assets/decoders.
webgl_loader_gltf_progressive_lod,webgl,external,Requires a format importer/exporter and usually external assets/decoders.
webgl_loader_gltf_sheen,webgl,external,Requires a format importer/exporter and usually external assets/decoders.
webgl_loader_gltf_transmission,webgl,external,Requires a format importer/exporter and usually external assets/decoders.
webgl_loader_gltf_variants,webgl,external,Requires a format importer/exporter and usually external assets/decoders.
webgl_loader_ifc,webgl,external,Requires a format importer/exporter and usually external assets/decoders.
webgl_loader_imagebitmap,webgl,external,Requires a format importer/exporter and usually external assets/decoders.
webgl_loader_kmz,webgl,external,Requires a format importer/exporter and usually external assets/decoders.
webgl_loader_ldraw,webgl,external,Requires a format importer/exporter and usually external assets/decoders.
webgl_loader_md2,webgl,external,Requires a format importer/exporter and usually external assets/decoders.
webgl_loader_md2_control,webgl,external,Requires a format importer/exporter and usually external assets/decoders.
webgl_loader_mdd,webgl,external,Requires a format importer/exporter and usually external assets/decoders.
webgl_loader_nrrd,webgl,external,Requires a format importer/exporter and usually external assets/decoders.
webgl_loader_obj,webgl,external,Requires a format importer/exporter and usually external assets/decoders.
webgl_loader_pcd,webgl,external,Requires a format importer/exporter and usually external assets/decoders.
webgl_loader_pdb,webgl,external,Requires a format importer/exporter and usually external assets/decoders.
webgl_loader_ply,webgl,external,Requires a format importer/exporter and usually external assets/decoders.
webgl_loader_stl,webgl,external,Requires a format importer/exporter and usually external assets/decoders.
webgl_loader_svg,webgl,external,Requires a format importer/exporter and usually external assets/decoders.
webgl_loader_texture_dds,webgl,external,Requires a format importer/exporter and usually external assets/decoders.
webgl_loader_texture_exr,webgl,external,Requires a format importer/exporter and usually external assets/decoders.
webgl_loader_texture_hdr,webgl,external,Requires a format importer/exporter and usually external assets/decoders.
webgl_loader_texture_ktx,webgl,external,Requires a format importer/exporter and usually external assets/decoders.
webgl_loader_texture_ktx2,webgl,external,Requires a format importer/exporter and usually external assets/decoders.
webgl_loader_texture_lottie,webgl,external,Requires a format importer/exporter and usually external assets/decoders.
webgl_loader_texture_pvrtc,webgl,external,Requires a format importer/exporter and usually external assets/decoders.
webgl_loader_texture_tga,webgl,external,Requires a format importer/exporter and usually external assets/decoders.
webgl_loader_texture_tiff,webgl,external,Requires a format importer/exporter and usually external assets/decoders.
webgl_loader_texture_ultrahdr,webgl,external,Requires a format importer/exporter and usually external assets/decoders.
webgl_loader_ttf,webgl,external,Requires a format importer/exporter and usually external assets/decoders.
webgl_loader_usdz,webgl,external,Requires a format importer/exporter and usually external assets/decoders.
webgl_loader_vox,webgl,external,Requires a format importer/exporter and usually external assets/decoders.
webgl_loader_vrml,webgl,external,Requires a format importer/exporter and usually external assets/decoders.
webgl_loader_xyz,webgl,external,Requires a format importer/exporter and usually external assets/decoders.
webgl_lod,webgl,adapt,"CPU scene is feasible, but EASEL needs an API/data/control/asset adaptation; no GPU pipeline is required."
webgl_marchingcubes,webgl,adapt,"CPU scene is feasible, but EASEL needs an API/data/control/asset adaptation; no GPU pipeline is required."
webgl_materials_alphahash,webgl,unsupported_gpu,"Uses WebGL/WebGPU-only shaders, compute, render targets, postprocessing, shadow/PBR/environment pipeline, or GPU-specific capability."
webgl_materials_blending,webgl,unsupported_gpu,"Uses WebGL/WebGPU-only shaders, compute, render targets, postprocessing, shadow/PBR/environment pipeline, or GPU-specific capability."
webgl_materials_blending_custom,webgl,unsupported_gpu,"Uses WebGL/WebGPU-only shaders, compute, render targets, postprocessing, shadow/PBR/environment pipeline, or GPU-specific capability."
webgl_materials_bumpmap,webgl,unsupported_gpu,"Uses WebGL/WebGPU-only shaders, compute, render targets, postprocessing, shadow/PBR/environment pipeline, or GPU-specific capability."
webgl_materials_car,webgl,unsupported_gpu,"Uses WebGL/WebGPU-only shaders, compute, render targets, postprocessing, shadow/PBR/environment pipeline, or GPU-specific capability."
webgl_materials_channels,webgl,unsupported_gpu,"Uses WebGL/WebGPU-only shaders, compute, render targets, postprocessing, shadow/PBR/environment pipeline, or GPU-specific capability."
webgl_materials_cubemap,webgl,unsupported_gpu,"Uses WebGL/WebGPU-only shaders, compute, render targets, postprocessing, shadow/PBR/environment pipeline, or GPU-specific capability."
webgl_materials_cubemap_dynamic,webgl,unsupported_gpu,"Uses WebGL/WebGPU-only shaders, compute, render targets, postprocessing, shadow/PBR/environment pipeline, or GPU-specific capability."
webgl_materials_cubemap_mipmaps,webgl,unsupported_gpu,"Uses WebGL/WebGPU-only shaders, compute, render targets, postprocessing, shadow/PBR/environment pipeline, or GPU-specific capability."
webgl_materials_cubemap_refraction,webgl,unsupported_gpu,"Uses WebGL/WebGPU-only shaders, compute, render targets, postprocessing, shadow/PBR/environment pipeline, or GPU-specific capability."
webgl_materials_cubemap_render_to_mipmaps,webgl,unsupported_gpu,"Uses WebGL/WebGPU-only shaders, compute, render targets, postprocessing, shadow/PBR/environment pipeline, or GPU-specific capability."
webgl_materials_displacementmap,webgl,unsupported_gpu,"Uses WebGL/WebGPU-only shaders, compute, render targets, postprocessing, shadow/PBR/environment pipeline, or GPU-specific capability."
webgl_materials_envmaps,webgl,unsupported_gpu,"Uses WebGL/WebGPU-only shaders, compute, render targets, postprocessing, shadow/PBR/environment pipeline, or GPU-specific capability."
webgl_materials_envmaps_exr,webgl,unsupported_gpu,"Uses WebGL/WebGPU-only shaders, compute, render targets, postprocessing, shadow/PBR/environment pipeline, or GPU-specific capability."
webgl_materials_envmaps_fasthdr,webgl,unsupported_gpu,"Uses WebGL/WebGPU-only shaders, compute, render targets, postprocessing, shadow/PBR/environment pipeline, or GPU-specific capability."
webgl_materials_envmaps_groundprojected,webgl,unsupported_gpu,"Uses WebGL/WebGPU-only shaders, compute, render targets, postprocessing, shadow/PBR/environment pipeline, or GPU-specific capability."
webgl_materials_envmaps_hdr,webgl,unsupported_gpu,"Uses WebGL/WebGPU-only shaders, compute, render targets, postprocessing, shadow/PBR/environment pipeline, or GPU-specific capability."
webgl_materials_matcap,webgl,unsupported_gpu,"Uses WebGL/WebGPU-only shaders, compute, render targets, postprocessing, shadow/PBR/environment pipeline, or GPU-specific capability."
webgl_materials_modified,webgl,unsupported_gpu,"Uses WebGL/WebGPU-only shaders, compute, render targets, postprocessing, shadow/PBR/environment pipeline, or GPU-specific capability."
webgl_materials_normalmap,webgl,unsupported_gpu,"Uses WebGL/WebGPU-only shaders, compute, render targets, postprocessing, shadow/PBR/environment pipeline, or GPU-specific capability."
webgl_materials_normalmap_object_space,webgl,unsupported_gpu,"Uses WebGL/WebGPU-only shaders, compute, render targets, postprocessing, shadow/PBR/environment pipeline, or GPU-specific capability."
webgl_materials_physical_clearcoat,webgl,unsupported_gpu,"Uses WebGL/WebGPU-only shaders, compute, render targets, postprocessing, shadow/PBR/environment pipeline, or GPU-specific capability."
webgl_materials_physical_transmission,webgl,unsupported_gpu,"Uses WebGL/WebGPU-only shaders, compute, render targets, postprocessing, shadow/PBR/environment pipeline, or GPU-specific capability."
webgl_materials_physical_transmission_alpha,webgl,unsupported_gpu,"Uses WebGL/WebGPU-only shaders, compute, render targets, postprocessing, shadow/PBR/environment pipeline, or GPU-specific capability."
webgl_materials_subsurface_scattering,webgl,unsupported_gpu,"Uses WebGL/WebGPU-only shaders, compute, render targets, postprocessing, shadow/PBR/environment pipeline, or GPU-specific capability."
webgl_materials_texture_anisotropy,webgl,unsupported_gpu,"Uses WebGL/WebGPU-only shaders, compute, render targets, postprocessing, shadow/PBR/environment pipeline, or GPU-specific capability."
webgl_materials_texture_canvas,webgl,unsupported_gpu,"Uses WebGL/WebGPU-only shaders, compute, render targets, postprocessing, shadow/PBR/environment pipeline, or GPU-specific capability."
webgl_materials_texture_filters,webgl,unsupported_gpu,"Uses WebGL/WebGPU-only shaders, compute, render targets, postprocessing, shadow/PBR/environment pipeline, or GPU-specific capability."
webgl_materials_texture_html,webgl,unsupported_gpu,"Uses WebGL/WebGPU-only shaders, compute, render targets, postprocessing, shadow/PBR/environment pipeline, or GPU-specific capability."
webgl_materials_texture_manualmipmap,webgl,unsupported_gpu,"Uses WebGL/WebGPU-only shaders, compute, render targets, postprocessing, shadow/PBR/environment pipeline, or GPU-specific capability."
webgl_materials_texture_partialupdate,webgl,unsupported_gpu,"Uses WebGL/WebGPU-only shaders, compute, render targets, postprocessing, shadow/PBR/environment pipeline, or GPU-specific capability."
webgl_materials_texture_rotation,webgl,unsupported_gpu,"Uses WebGL/WebGPU-only shaders, compute, render targets, postprocessing, shadow/PBR/environment pipeline, or GPU-specific capability."
webgl_materials_toon,webgl,unsupported_gpu,"Uses WebGL/WebGPU-only shaders, compute, render targets, postprocessing, shadow/PBR/environment pipeline, or GPU-specific capability."
webgl_materials_video,webgl,external,Requires browser media/device integration; a CPU/Canvas2D video path is permitted.
webgl_materials_video_webcam,webgl,external,Requires browser media/device/worker integration.
webgl_materials_wireframe,webgl,unsupported_gpu,"Uses WebGL/WebGPU-only shaders, compute, render targets, postprocessing, shadow/PBR/environment pipeline, or GPU-specific capability."
webgl_math_obb,webgl,adapt,OBB is a three addon utility absent from EASEL; port the intersection math or replace the helper.
webgl_math_orientation_transform,webgl,unsupported_gpu,"Uses WebGL/WebGPU-only shaders, compute, render targets, postprocessing, shadow/PBR/environment pipeline, or GPU-specific capability."
webgl_mesh_batch,webgl,unsupported_gpu,"Uses WebGL/WebGPU-only shaders, compute, render targets, postprocessing, shadow/PBR/environment pipeline, or GPU-specific capability."
webgl_mirror,webgl,unsupported_gpu,"Uses WebGL/WebGPU-only shaders, compute, render targets, postprocessing, shadow/PBR/environment pipeline, or GPU-specific capability."
webgl_modifier_curve,webgl,adapt,"CPU scene is feasible, but EASEL needs an API/data/control/asset adaptation; no GPU pipeline is required."
webgl_modifier_curve_instanced,webgl,unsupported_gpu,"Uses WebGL/WebGPU-only shaders, compute, render targets, postprocessing, shadow/PBR/environment pipeline, or GPU-specific capability."
webgl_modifier_edgesplit,webgl,unsupported_gpu,"Uses WebGL/WebGPU-only shaders, compute, render targets, postprocessing, shadow/PBR/environment pipeline, or GPU-specific capability."
webgl_modifier_simplifier,webgl,adapt,"CPU scene is feasible, but EASEL needs an API/data/control/asset adaptation; no GPU pipeline is required."
webgl_modifier_subdivision,webgl,adapt,"CPU scene is feasible, but EASEL needs an API/data/control/asset adaptation; no GPU pipeline is required."
webgl_modifier_tessellation,webgl,adapt,"CPU scene is feasible, but EASEL needs an API/data/control/asset adaptation; no GPU pipeline is required."
webgl_morphtargets,webgl,adapt,"CPU scene is feasible, but EASEL needs an API/data/control/asset adaptation; no GPU pipeline is required."
webgl_morphtargets_face,webgl,adapt,"CPU scene is feasible, but EASEL needs an API/data/control/asset adaptation; no GPU pipeline is required."
webgl_morphtargets_horse,webgl,adapt,"CPU scene is feasible, but EASEL needs an API/data/control/asset adaptation; no GPU pipeline is required."
webgl_morphtargets_sphere,webgl,adapt,"CPU scene is feasible, but EASEL needs an API/data/control/asset adaptation; no GPU pipeline is required."
webgl_morphtargets_webcam,webgl,external,Requires browser media/device/worker integration.
webgl_multiple_elements,webgl,adapt,"CPU scene is feasible, but EASEL needs an API/data/control/asset adaptation; no GPU pipeline is required."
webgl_multiple_elements_text,webgl,adapt,"CPU scene is feasible, but EASEL needs an API/data/control/asset adaptation; no GPU pipeline is required."
webgl_multiple_rendertargets,webgl,unsupported_gpu,"Uses WebGL/WebGPU-only shaders, compute, render targets, postprocessing, shadow/PBR/environment pipeline, or GPU-specific capability."
webgl_multiple_scenes_comparison,webgl,adapt,"CPU scene is feasible, but EASEL needs an API/data/control/asset adaptation; no GPU pipeline is required."
webgl_multiple_views,webgl,adapt,"CPU scene is feasible, but EASEL needs an API/data/control/asset adaptation; no GPU pipeline is required."
webgl_multisampled_renderbuffers,webgl,unsupported_gpu,"Uses WebGL/WebGPU-only shaders, compute, render targets, postprocessing, shadow/PBR/environment pipeline, or GPU-specific capability."
webgl_panorama_cube,webgl,adapt,"CPU scene is feasible, but EASEL needs an API/data/control/asset adaptation; no GPU pipeline is required."
webgl_panorama_equirectangular,webgl,adapt,"CPU scene is feasible, but EASEL needs an API/data/control/asset adaptation; no GPU pipeline is required."
webgl_performance,webgl,unsupported_gpu,"Uses WebGL/WebGPU-only shaders, compute, render targets, postprocessing, shadow/PBR/environment pipeline, or GPU-specific capability."
webgl_pmrem_cubemap,webgl,unsupported_gpu,"Uses WebGL/WebGPU-only shaders, compute, render targets, postprocessing, shadow/PBR/environment pipeline, or GPU-specific capability."
webgl_pmrem_equirectangular,webgl,unsupported_gpu,"Uses WebGL/WebGPU-only shaders, compute, render targets, postprocessing, shadow/PBR/environment pipeline, or GPU-specific capability."
webgl_pmrem_test,webgl,unsupported_gpu,"Uses WebGL/WebGPU-only shaders, compute, render targets, postprocessing, shadow/PBR/environment pipeline, or GPU-specific capability."
webgl_points_billboards,webgl,adapt,"CPU scene is feasible, but EASEL needs an API/data/control/asset adaptation; no GPU pipeline is required."
webgl_points_dynamic,webgl,adapt,"CPU scene is feasible, but EASEL needs an API/data/control/asset adaptation; no GPU pipeline is required."
webgl_points_sprites,webgl,unsupported_gpu,"Uses WebGL/WebGPU-only shaders, compute, render targets, postprocessing, shadow/PBR/environment pipeline, or GPU-specific capability."
webgl_points_waves,webgl,adapt,"CPU scene is feasible, but EASEL needs an API/data/control/asset adaptation; no GPU pipeline is required."
webgl_portal,webgl,unsupported_gpu,"Uses WebGL/WebGPU-only shaders, compute, render targets, postprocessing, shadow/PBR/environment pipeline, or GPU-specific capability."
webgl_postprocessing,webgl,unsupported_gpu,"Uses WebGL/WebGPU-only shaders, compute, render targets, postprocessing, shadow/PBR/environment pipeline, or GPU-specific capability."
webgl_postprocessing_3dlut,webgl,unsupported_gpu,"Uses WebGL/WebGPU-only shaders, compute, render targets, postprocessing, shadow/PBR/environment pipeline, or GPU-specific capability."
webgl_postprocessing_advanced,webgl,unsupported_gpu,"Uses WebGL/WebGPU-only shaders, compute, render targets, postprocessing, shadow/PBR/environment pipeline, or GPU-specific capability."
webgl_postprocessing_afterimage,webgl,unsupported_gpu,"Uses WebGL/WebGPU-only shaders, compute, render targets, postprocessing, shadow/PBR/environment pipeline, or GPU-specific capability."
webgl_postprocessing_backgrounds,webgl,unsupported_gpu,"Uses WebGL/WebGPU-only shaders, compute, render targets, postprocessing, shadow/PBR/environment pipeline, or GPU-specific capability."
webgl_postprocessing_dof,webgl,unsupported_gpu,"Uses WebGL/WebGPU-only shaders, compute, render targets, postprocessing, shadow/PBR/environment pipeline, or GPU-specific capability."
webgl_postprocessing_dof2,webgl,unsupported_gpu,"Uses WebGL/WebGPU-only shaders, compute, render targets, postprocessing, shadow/PBR/environment pipeline, or GPU-specific capability."
webgl_postprocessing_fxaa,webgl,unsupported_gpu,"Uses WebGL/WebGPU-only shaders, compute, render targets, postprocessing, shadow/PBR/environment pipeline, or GPU-specific capability."
webgl_postprocessing_glitch,webgl,unsupported_gpu,"Uses WebGL/WebGPU-only shaders, compute, render targets, postprocessing, shadow/PBR/environment pipeline, or GPU-specific capability."
webgl_postprocessing_godrays,webgl,unsupported_gpu,"Uses WebGL/WebGPU-only shaders, compute, render targets, postprocessing, shadow/PBR/environment pipeline, or GPU-specific capability."
webgl_postprocessing_gtao,webgl,unsupported_gpu,"Uses WebGL/WebGPU-only shaders, compute, render targets, postprocessing, shadow/PBR/environment pipeline, or GPU-specific capability."
webgl_postprocessing_masking,webgl,unsupported_gpu,"Uses WebGL/WebGPU-only shaders, compute, render targets, postprocessing, shadow/PBR/environment pipeline, or GPU-specific capability."
webgl_postprocessing_outline,webgl,unsupported_gpu,"Uses WebGL/WebGPU-only shaders, compute, render targets, postprocessing, shadow/PBR/environment pipeline, or GPU-specific capability."
webgl_postprocessing_pixel,webgl,unsupported_gpu,"Uses WebGL/WebGPU-only shaders, compute, render targets, postprocessing, shadow/PBR/environment pipeline, or GPU-specific capability."
webgl_postprocessing_procedural,webgl,unsupported_gpu,"Uses WebGL/WebGPU-only shaders, compute, render targets, postprocessing, shadow/PBR/environment pipeline, or GPU-specific capability."
webgl_postprocessing_rgb_halftone,webgl,unsupported_gpu,"Uses WebGL/WebGPU-only shaders, compute, render targets, postprocessing, shadow/PBR/environment pipeline, or GPU-specific capability."
webgl_postprocessing_sao,webgl,unsupported_gpu,"Uses WebGL/WebGPU-only shaders, compute, render targets, postprocessing, shadow/PBR/environment pipeline, or GPU-specific capability."
webgl_postprocessing_smaa,webgl,unsupported_gpu,"Uses WebGL/WebGPU-only shaders, compute, render targets, postprocessing, shadow/PBR/environment pipeline, or GPU-specific capability."
webgl_postprocessing_sobel,webgl,unsupported_gpu,"Uses WebGL/WebGPU-only shaders, compute, render targets, postprocessing, shadow/PBR/environment pipeline, or GPU-specific capability."
webgl_postprocessing_ssaa,webgl,unsupported_gpu,"Uses WebGL/WebGPU-only shaders, compute, render targets, postprocessing, shadow/PBR/environment pipeline, or GPU-specific capability."
webgl_postprocessing_ssao,webgl,unsupported_gpu,"Uses WebGL/WebGPU-only shaders, compute, render targets, postprocessing, shadow/PBR/environment pipeline, or GPU-specific capability."
webgl_postprocessing_ssr,webgl,unsupported_gpu,"Uses WebGL/WebGPU-only shaders, compute, render targets, postprocessing, shadow/PBR/environment pipeline, or GPU-specific capability."
webgl_postprocessing_taa,webgl,unsupported_gpu,"Uses WebGL/WebGPU-only shaders, compute, render targets, postprocessing, shadow/PBR/environment pipeline, or GPU-specific capability."
webgl_postprocessing_transition,webgl,unsupported_gpu,"Uses WebGL/WebGPU-only shaders, compute, render targets, postprocessing, shadow/PBR/environment pipeline, or GPU-specific capability."
webgl_postprocessing_unreal_bloom,webgl,unsupported_gpu,"Uses WebGL/WebGPU-only shaders, compute, render targets, postprocessing, shadow/PBR/environment pipeline, or GPU-specific capability."
webgl_postprocessing_unreal_bloom_selective,webgl,unsupported_gpu,"Uses WebGL/WebGPU-only shaders, compute, render targets, postprocessing, shadow/PBR/environment pipeline, or GPU-specific capability."
webgl_random_uv,webgl,adapt,"CPU scene is feasible, but EASEL needs an API/data/control/asset adaptation; no GPU pipeline is required."
webgl_raycaster_bvh,webgl,adapt,"CPU scene is feasible, but EASEL needs an API/data/control/asset adaptation; no GPU pipeline is required."
webgl_raycaster_sprite,webgl,adapt,"CPU scene is feasible, but EASEL needs an API/data/control/asset adaptation; no GPU pipeline is required."
webgl_raycaster_texture,webgl,adapt,"CPU scene is feasible, but EASEL needs an API/data/control/asset adaptation; no GPU pipeline is required."
webgl_read_float_buffer,webgl,unsupported_gpu,"Uses WebGL/WebGPU-only shaders, compute, render targets, postprocessing, shadow/PBR/environment pipeline, or GPU-specific capability."
webgl_refraction,webgl,unsupported_gpu,"Uses WebGL/WebGPU-only shaders, compute, render targets, postprocessing, shadow/PBR/environment pipeline, or GPU-specific capability."
webgl_renderer_pathtracer,webgl,unsupported_gpu,"Uses WebGL/WebGPU-only shaders, compute, render targets, postprocessing, shadow/PBR/environment pipeline, or GPU-specific capability."
webgl_rendertarget_texture2darray,webgl,unsupported_gpu,"Uses WebGL/WebGPU-only shaders, compute, render targets, postprocessing, shadow/PBR/environment pipeline, or GPU-specific capability."
webgl_reversed_depth_buffer,webgl,unsupported_gpu,"Uses WebGL/WebGPU-only shaders, compute, render targets, postprocessing, shadow/PBR/environment pipeline, or GPU-specific capability."
webgl_rtt,webgl,unsupported_gpu,"Uses WebGL/WebGPU-only shaders, compute, render targets, postprocessing, shadow/PBR/environment pipeline, or GPU-specific capability."
webgl_shader,webgl,unsupported_gpu,"Uses WebGL/WebGPU-only shaders, compute, render targets, postprocessing, shadow/PBR/environment pipeline, or GPU-specific capability."
webgl_shader_lava,webgl,unsupported_gpu,"Uses WebGL/WebGPU-only shaders, compute, render targets, postprocessing, shadow/PBR/environment pipeline, or GPU-specific capability."
webgl_shaders_ocean,webgl,unsupported_gpu,"Uses WebGL/WebGPU-only shaders, compute, render targets, postprocessing, shadow/PBR/environment pipeline, or GPU-specific capability."
webgl_shaders_sky,webgl,unsupported_gpu,"Uses WebGL/WebGPU-only shaders, compute, render targets, postprocessing, shadow/PBR/environment pipeline, or GPU-specific capability."
webgl_shadow_contact,webgl,unsupported_gpu,"Uses WebGL/WebGPU-only shaders, compute, render targets, postprocessing, shadow/PBR/environment pipeline, or GPU-specific capability."
webgl_shadowmap,webgl,unsupported_gpu,"Uses WebGL/WebGPU-only shaders, compute, render targets, postprocessing, shadow/PBR/environment pipeline, or GPU-specific capability."
webgl_shadowmap_csm,webgl,unsupported_gpu,"Uses WebGL/WebGPU-only shaders, compute, render targets, postprocessing, shadow/PBR/environment pipeline, or GPU-specific capability."
webgl_shadowmap_pcss,webgl,unsupported_gpu,"Uses WebGL/WebGPU-only shaders, compute, render targets, postprocessing, shadow/PBR/environment pipeline, or GPU-specific capability."
webgl_shadowmap_performance,webgl,unsupported_gpu,"Uses WebGL/WebGPU-only shaders, compute, render targets, postprocessing, shadow/PBR/environment pipeline, or GPU-specific capability."
webgl_shadowmap_pointlight,webgl,unsupported_gpu,"Uses WebGL/WebGPU-only shaders, compute, render targets, postprocessing, shadow/PBR/environment pipeline, or GPU-specific capability."
webgl_shadowmap_progressive,webgl,unsupported_gpu,"Uses WebGL/WebGPU-only shaders, compute, render targets, postprocessing, shadow/PBR/environment pipeline, or GPU-specific capability."
webgl_shadowmap_viewer,webgl,unsupported_gpu,"Uses WebGL/WebGPU-only shaders, compute, render targets, postprocessing, shadow/PBR/environment pipeline, or GPU-specific capability."
webgl_shadowmap_vsm,webgl,unsupported_gpu,"Uses WebGL/WebGPU-only shaders, compute, render targets, postprocessing, shadow/PBR/environment pipeline, or GPU-specific capability."
webgl_shadowmesh,webgl,adapt,"CPU scene is feasible, but EASEL needs an API/data/control/asset adaptation; no GPU pipeline is required."
webgl_simple_gi,webgl,adapt,"CPU scene is feasible, but EASEL needs an API/data/control/asset adaptation; no GPU pipeline is required."
webgl_sprites,webgl,adapt,EASEL exports Sprite but SceneTraversal does not admit it; replace with a mesh billboard or add a separately approved CPU path.
webgl_test_memory,webgl,unsupported_gpu,"Uses WebGL/WebGPU-only shaders, compute, render targets, postprocessing, shadow/PBR/environment pipeline, or GPU-specific capability."
webgl_test_memory2,webgl,unsupported_gpu,"Uses WebGL/WebGPU-only shaders, compute, render targets, postprocessing, shadow/PBR/environment pipeline, or GPU-specific capability."
webgl_test_wide_gamut,webgl,unsupported_gpu,"Uses WebGL/WebGPU-only shaders, compute, render targets, postprocessing, shadow/PBR/environment pipeline, or GPU-specific capability."
webgl_texture2darray,webgl,unsupported_gpu,"Uses WebGL/WebGPU-only shaders, compute, render targets, postprocessing, shadow/PBR/environment pipeline, or GPU-specific capability."
webgl_texture2darray_compressed,webgl,unsupported_gpu,"Uses WebGL/WebGPU-only shaders, compute, render targets, postprocessing, shadow/PBR/environment pipeline, or GPU-specific capability."
webgl_texture2darray_layerupdate,webgl,unsupported_gpu,"Uses WebGL/WebGPU-only shaders, compute, render targets, postprocessing, shadow/PBR/environment pipeline, or GPU-specific capability."
webgl_texture3d,webgl,unsupported_gpu,"Uses WebGL/WebGPU-only shaders, compute, render targets, postprocessing, shadow/PBR/environment pipeline, or GPU-specific capability."
webgl_texture3d_partialupdate,webgl,unsupported_gpu,"Uses WebGL/WebGPU-only shaders, compute, render targets, postprocessing, shadow/PBR/environment pipeline, or GPU-specific capability."
webgl_tonemapping,webgl,unsupported_gpu,"Uses WebGL/WebGPU-only shaders, compute, render targets, postprocessing, shadow/PBR/environment pipeline, or GPU-specific capability."
webgl_tsl_clearcoat,webgl,unsupported_gpu,"Uses WebGL/WebGPU-only shaders, compute, render targets, postprocessing, shadow/PBR/environment pipeline, or GPU-specific capability."
webgl_tsl_instancing,webgl,unsupported_gpu,"Uses WebGL/WebGPU-only shaders, compute, render targets, postprocessing, shadow/PBR/environment pipeline, or GPU-specific capability."
webgl_tsl_shadowmap,webgl,unsupported_gpu,"Uses WebGL/WebGPU-only shaders, compute, render targets, postprocessing, shadow/PBR/environment pipeline, or GPU-specific capability."
webgl_tsl_skinning,webgl,unsupported_gpu,"Uses WebGL/WebGPU-only shaders, compute, render targets, postprocessing, shadow/PBR/environment pipeline, or GPU-specific capability."
webgl_ubo,webgl,unsupported_gpu,"Uses WebGL/WebGPU-only shaders, compute, render targets, postprocessing, shadow/PBR/environment pipeline, or GPU-specific capability."
webgl_ubo_arrays,webgl,unsupported_gpu,"Uses WebGL/WebGPU-only shaders, compute, render targets, postprocessing, shadow/PBR/environment pipeline, or GPU-specific capability."
webgl_video_kinect,webgl,external,Requires browser media/device/worker integration.
webgl_video_panorama_equirectangular,webgl,external,Requires browser media/device/worker integration.
webgl_volume_cloud,webgl,unsupported_gpu,"Uses WebGL/WebGPU-only shaders, compute, render targets, postprocessing, shadow/PBR/environment pipeline, or GPU-specific capability."
webgl_volume_instancing,webgl,unsupported_gpu,"Uses WebGL/WebGPU-only shaders, compute, render targets, postprocessing, shadow/PBR/environment pipeline, or GPU-specific capability."
webgl_volume_perlin,webgl,unsupported_gpu,"Uses WebGL/WebGPU-only shaders, compute, render targets, postprocessing, shadow/PBR/environment pipeline, or GPU-specific capability."
webgl_watch,webgl,unsupported_gpu,"Uses WebGL/WebGPU-only shaders, compute, render targets, postprocessing, shadow/PBR/environment pipeline, or GPU-specific capability."
webgl_worker_offscreencanvas,webgl,external,Requires browser media/device/worker integration.
webgpu_animation_retargeting,webgpu,unsupported_gpu,"Uses WebGL/WebGPU-only shaders, compute, render targets, postprocessing, shadow/PBR/environment pipeline, or GPU-specific capability."
webgpu_animation_retargeting_readyplayer,webgpu,unsupported_gpu,"Uses WebGL/WebGPU-only shaders, compute, render targets, postprocessing, shadow/PBR/environment pipeline, or GPU-specific capability."
webgpu_backdrop,webgpu,unsupported_gpu,"Uses WebGL/WebGPU-only shaders, compute, render targets, postprocessing, shadow/PBR/environment pipeline, or GPU-specific capability."
webgpu_backdrop_area,webgpu,unsupported_gpu,"Uses WebGL/WebGPU-only shaders, compute, render targets, postprocessing, shadow/PBR/environment pipeline, or GPU-specific capability."
webgpu_backdrop_water,webgpu,unsupported_gpu,"Uses WebGL/WebGPU-only shaders, compute, render targets, postprocessing, shadow/PBR/environment pipeline, or GPU-specific capability."
webgpu_camera,webgpu,adapt,"Uses a CPU-portable camera, helpers, basic wireframe, and points scene; renderer-specific setup can be replaced with EASEL Canvas2D."
webgpu_camera_array,webgpu,unsupported_gpu,"Uses WebGL/WebGPU-only shaders, compute, render targets, postprocessing, shadow/PBR/environment pipeline, or GPU-specific capability."
webgpu_camera_logarithmicdepthbuffer,webgpu,unsupported_gpu,"Uses WebGL/WebGPU-only shaders, compute, render targets, postprocessing, shadow/PBR/environment pipeline, or GPU-specific capability."
webgpu_caustics,webgpu,unsupported_gpu,"Uses WebGL/WebGPU-only shaders, compute, render targets, postprocessing, shadow/PBR/environment pipeline, or GPU-specific capability."
webgpu_centroid_sampling,webgpu,unsupported_gpu,"Uses WebGL/WebGPU-only shaders, compute, render targets, postprocessing, shadow/PBR/environment pipeline, or GPU-specific capability."
webgpu_clearcoat,webgpu,unsupported_gpu,"Uses WebGL/WebGPU-only shaders, compute, render targets, postprocessing, shadow/PBR/environment pipeline, or GPU-specific capability."
webgpu_clipping,webgpu,unsupported_gpu,"Uses WebGL/WebGPU-only shaders, compute, render targets, postprocessing, shadow/PBR/environment pipeline, or GPU-specific capability."
webgpu_compile_async,webgpu,unsupported_gpu,"Uses WebGL/WebGPU-only shaders, compute, render targets, postprocessing, shadow/PBR/environment pipeline, or GPU-specific capability."
webgpu_compute_audio,webgpu,unsupported_gpu,"Uses WebGL/WebGPU-only shaders, compute, render targets, postprocessing, shadow/PBR/environment pipeline, or GPU-specific capability."
webgpu_compute_birds,webgpu,unsupported_gpu,"Uses WebGL/WebGPU-only shaders, compute, render targets, postprocessing, shadow/PBR/environment pipeline, or GPU-specific capability."
webgpu_compute_cloth,webgpu,unsupported_gpu,"Uses WebGL/WebGPU-only shaders, compute, render targets, postprocessing, shadow/PBR/environment pipeline, or GPU-specific capability."
webgpu_compute_geometry,webgpu,unsupported_gpu,"Uses WebGL/WebGPU-only shaders, compute, render targets, postprocessing, shadow/PBR/environment pipeline, or GPU-specific capability."
webgpu_compute_particles,webgpu,unsupported_gpu,"Uses WebGL/WebGPU-only shaders, compute, render targets, postprocessing, shadow/PBR/environment pipeline, or GPU-specific capability."
webgpu_compute_particles_fluid,webgpu,unsupported_gpu,"Uses WebGL/WebGPU-only shaders, compute, render targets, postprocessing, shadow/PBR/environment pipeline, or GPU-specific capability."
webgpu_compute_particles_rain,webgpu,unsupported_gpu,"Uses WebGL/WebGPU-only shaders, compute, render targets, postprocessing, shadow/PBR/environment pipeline, or GPU-specific capability."
webgpu_compute_particles_snow,webgpu,unsupported_gpu,"Uses WebGL/WebGPU-only shaders, compute, render targets, postprocessing, shadow/PBR/environment pipeline, or GPU-specific capability."
webgpu_compute_points,webgpu,unsupported_gpu,"Uses WebGL/WebGPU-only shaders, compute, render targets, postprocessing, shadow/PBR/environment pipeline, or GPU-specific capability."
webgpu_compute_rasterizer,webgpu,unsupported_gpu,"Uses WebGL/WebGPU-only shaders, compute, render targets, postprocessing, shadow/PBR/environment pipeline, or GPU-specific capability."
webgpu_compute_rasterizer_ibl,webgpu,unsupported_gpu,"Uses WebGL/WebGPU-only shaders, compute, render targets, postprocessing, shadow/PBR/environment pipeline, or GPU-specific capability."
webgpu_compute_reduce,webgpu,unsupported_gpu,"Uses WebGL/WebGPU-only shaders, compute, render targets, postprocessing, shadow/PBR/environment pipeline, or GPU-specific capability."
webgpu_compute_sort_bitonic,webgpu,unsupported_gpu,"Uses WebGL/WebGPU-only shaders, compute, render targets, postprocessing, shadow/PBR/environment pipeline, or GPU-specific capability."
webgpu_compute_texture,webgpu,unsupported_gpu,"Uses WebGL/WebGPU-only shaders, compute, render targets, postprocessing, shadow/PBR/environment pipeline, or GPU-specific capability."
webgpu_compute_texture_3d,webgpu,unsupported_gpu,"Uses WebGL/WebGPU-only shaders, compute, render targets, postprocessing, shadow/PBR/environment pipeline, or GPU-specific capability."
webgpu_compute_texture_pingpong,webgpu,unsupported_gpu,"Uses WebGL/WebGPU-only shaders, compute, render targets, postprocessing, shadow/PBR/environment pipeline, or GPU-specific capability."
webgpu_compute_water,webgpu,unsupported_gpu,"Uses WebGL/WebGPU-only shaders, compute, render targets, postprocessing, shadow/PBR/environment pipeline, or GPU-specific capability."
webgpu_cubemap_adjustments,webgpu,unsupported_gpu,"Uses WebGL/WebGPU-only shaders, compute, render targets, postprocessing, shadow/PBR/environment pipeline, or GPU-specific capability."
webgpu_cubemap_dynamic,webgpu,unsupported_gpu,"Uses WebGL/WebGPU-only shaders, compute, render targets, postprocessing, shadow/PBR/environment pipeline, or GPU-specific capability."
webgpu_cubemap_mix,webgpu,unsupported_gpu,"Uses WebGL/WebGPU-only shaders, compute, render targets, postprocessing, shadow/PBR/environment pipeline, or GPU-specific capability."
webgpu_custom_fog,webgpu,unsupported_gpu,"Uses WebGL/WebGPU-only shaders, compute, render targets, postprocessing, shadow/PBR/environment pipeline, or GPU-specific capability."
webgpu_custom_fog_background,webgpu,unsupported_gpu,"Uses WebGL/WebGPU-only shaders, compute, render targets, postprocessing, shadow/PBR/environment pipeline, or GPU-specific capability."
webgpu_custom_fog_scattering,webgpu,unsupported_gpu,"Uses WebGL/WebGPU-only shaders, compute, render targets, postprocessing, shadow/PBR/environment pipeline, or GPU-specific capability."
webgpu_deferred,webgpu,unsupported_gpu,Requires WebGPU deferred rendering and GPU render targets.
webgpu_depth_texture,webgpu,unsupported_gpu,"Uses WebGL/WebGPU-only shaders, compute, render targets, postprocessing, shadow/PBR/environment pipeline, or GPU-specific capability."
webgpu_display_stereo,webgpu,unsupported_gpu,"Uses WebGL/WebGPU-only shaders, compute, render targets, postprocessing, shadow/PBR/environment pipeline, or GPU-specific capability."
webgpu_equirectangular,webgpu,unsupported_gpu,"Uses WebGL/WebGPU-only shaders, compute, render targets, postprocessing, shadow/PBR/environment pipeline, or GPU-specific capability."
webgpu_fog_height,webgpu,unsupported_gpu,"Uses WebGL/WebGPU-only shaders, compute, render targets, postprocessing, shadow/PBR/environment pipeline, or GPU-specific capability."
webgpu_furnace_test,webgpu,unsupported_gpu,"Uses WebGL/WebGPU-only shaders, compute, render targets, postprocessing, shadow/PBR/environment pipeline, or GPU-specific capability."
webgpu_generator_building,webgpu,unsupported_gpu,"Uses WebGL/WebGPU-only shaders, compute, render targets, postprocessing, shadow/PBR/environment pipeline, or GPU-specific capability."
webgpu_generator_city,webgpu,unsupported_gpu,"Uses WebGL/WebGPU-only shaders, compute, render targets, postprocessing, shadow/PBR/environment pipeline, or GPU-specific capability."
webgpu_geometry_loft,webgpu,unsupported_gpu,"Uses WebGL/WebGPU-only shaders, compute, render targets, postprocessing, shadow/PBR/environment pipeline, or GPU-specific capability."
webgpu_hdr,webgpu,unsupported_gpu,"Uses WebGL/WebGPU-only shaders, compute, render targets, postprocessing, shadow/PBR/environment pipeline, or GPU-specific capability."
webgpu_instance_mesh,webgpu,unsupported_gpu,"Uses WebGL/WebGPU-only shaders, compute, render targets, postprocessing, shadow/PBR/environment pipeline, or GPU-specific capability."
webgpu_instance_path,webgpu,unsupported_gpu,"Uses WebGL/WebGPU-only shaders, compute, render targets, postprocessing, shadow/PBR/environment pipeline, or GPU-specific capability."
webgpu_instance_points,webgpu,unsupported_gpu,"Uses WebGL/WebGPU-only shaders, compute, render targets, postprocessing, shadow/PBR/environment pipeline, or GPU-specific capability."
webgpu_instance_sprites,webgpu,unsupported_gpu,"Uses WebGL/WebGPU-only shaders, compute, render targets, postprocessing, shadow/PBR/environment pipeline, or GPU-specific capability."
webgpu_instance_uniform,webgpu,unsupported_gpu,"Uses WebGL/WebGPU-only shaders, compute, render targets, postprocessing, shadow/PBR/environment pipeline, or GPU-specific capability."
webgpu_instancing_morph,webgpu,unsupported_gpu,"Uses WebGL/WebGPU-only shaders, compute, render targets, postprocessing, shadow/PBR/environment pipeline, or GPU-specific capability."
webgpu_layers,webgpu,unsupported_gpu,"Uses WebGL/WebGPU-only shaders, compute, render targets, postprocessing, shadow/PBR/environment pipeline, or GPU-specific capability."
webgpu_lensflares,webgpu,unsupported_gpu,"Uses WebGL/WebGPU-only shaders, compute, render targets, postprocessing, shadow/PBR/environment pipeline, or GPU-specific capability."
webgpu_lightprobe,webgpu,unsupported_gpu,"Uses WebGL/WebGPU-only shaders, compute, render targets, postprocessing, shadow/PBR/environment pipeline, or GPU-specific capability."
webgpu_lightprobe_cubecamera,webgpu,unsupported_gpu,"Uses WebGL/WebGPU-only shaders, compute, render targets, postprocessing, shadow/PBR/environment pipeline, or GPU-specific capability."
webgpu_lightprobes,webgpu,unsupported_gpu,Requires WebGPU light-probe/environment processing.
webgpu_lightprobes_complex,webgpu,unsupported_gpu,Requires WebGPU light-probe/environment processing.
webgpu_lightprobes_sponza,webgpu,unsupported_gpu,Requires WebGPU light-probe/environment processing and external scene assets.
webgpu_lights_clustered,webgpu,unsupported_gpu,"Uses WebGL/WebGPU-only shaders, compute, render targets, postprocessing, shadow/PBR/environment pipeline, or GPU-specific capability."
webgpu_lights_custom,webgpu,unsupported_gpu,"Uses WebGL/WebGPU-only shaders, compute, render targets, postprocessing, shadow/PBR/environment pipeline, or GPU-specific capability."
webgpu_lights_dynamic,webgpu,unsupported_gpu,"Uses WebGL/WebGPU-only shaders, compute, render targets, postprocessing, shadow/PBR/environment pipeline, or GPU-specific capability."
webgpu_lights_ies_spotlight,webgpu,unsupported_gpu,"Uses WebGL/WebGPU-only shaders, compute, render targets, postprocessing, shadow/PBR/environment pipeline, or GPU-specific capability."
webgpu_lights_phong,webgpu,unsupported_gpu,"Uses WebGL/WebGPU-only shaders, compute, render targets, postprocessing, shadow/PBR/environment pipeline, or GPU-specific capability."
webgpu_lights_physical,webgpu,unsupported_gpu,"Uses WebGL/WebGPU-only shaders, compute, render targets, postprocessing, shadow/PBR/environment pipeline, or GPU-specific capability."
webgpu_lights_pointlights,webgpu,unsupported_gpu,"Uses WebGL/WebGPU-only shaders, compute, render targets, postprocessing, shadow/PBR/environment pipeline, or GPU-specific capability."
webgpu_lights_projector,webgpu,unsupported_gpu,"Uses WebGL/WebGPU-only shaders, compute, render targets, postprocessing, shadow/PBR/environment pipeline, or GPU-specific capability."
webgpu_lights_rectarealight,webgpu,unsupported_gpu,"Uses WebGL/WebGPU-only shaders, compute, render targets, postprocessing, shadow/PBR/environment pipeline, or GPU-specific capability."
webgpu_lights_selective,webgpu,unsupported_gpu,"Uses WebGL/WebGPU-only shaders, compute, render targets, postprocessing, shadow/PBR/environment pipeline, or GPU-specific capability."
webgpu_lights_spotlight,webgpu,unsupported_gpu,"Uses WebGL/WebGPU-only shaders, compute, render targets, postprocessing, shadow/PBR/environment pipeline, or GPU-specific capability."
webgpu_lines_fat,webgpu,unsupported_gpu,"Uses WebGL/WebGPU-only shaders, compute, render targets, postprocessing, shadow/PBR/environment pipeline, or GPU-specific capability."
webgpu_lines_fat_raycasting,webgpu,unsupported_gpu,"Uses WebGL/WebGPU-only shaders, compute, render targets, postprocessing, shadow/PBR/environment pipeline, or GPU-specific capability."
webgpu_lines_fat_wireframe,webgpu,unsupported_gpu,"Uses WebGL/WebGPU-only shaders, compute, render targets, postprocessing, shadow/PBR/environment pipeline, or GPU-specific capability."
webgpu_loader_gltf,webgpu,external,Requires a format importer/exporter and usually external assets/decoders.
webgpu_loader_gltf_anisotropy,webgpu,external,Requires a format importer/exporter and usually external assets/decoders.
webgpu_loader_gltf_compressed,webgpu,external,Requires a format importer/exporter and usually external assets/decoders.
webgpu_loader_gltf_dispersion,webgpu,external,Requires a format importer/exporter and usually external assets/decoders.
webgpu_loader_gltf_iridescence,webgpu,external,Requires a format importer/exporter and usually external assets/decoders.
webgpu_loader_gltf_sheen,webgpu,external,Requires a format importer/exporter and usually external assets/decoders.
webgpu_loader_gltf_transmission,webgpu,external,Requires a format importer/exporter and usually external assets/decoders.
webgpu_loader_materialx,webgpu,external,Requires a format importer/exporter and usually external assets/decoders.
webgpu_loader_texture_ktx2,webgpu,external,Requires a format importer/exporter and usually external assets/decoders.
webgpu_materials,webgpu,unsupported_gpu,"Uses WebGL/WebGPU-only shaders, compute, render targets, postprocessing, shadow/PBR/environment pipeline, or GPU-specific capability."
webgpu_materials_alphahash,webgpu,unsupported_gpu,"Uses WebGL/WebGPU-only shaders, compute, render targets, postprocessing, shadow/PBR/environment pipeline, or GPU-specific capability."
webgpu_materials_arrays,webgpu,unsupported_gpu,"Uses WebGL/WebGPU-only shaders, compute, render targets, postprocessing, shadow/PBR/environment pipeline, or GPU-specific capability."
webgpu_materials_basic,webgpu,unsupported_gpu,"Uses WebGL/WebGPU-only shaders, compute, render targets, postprocessing, shadow/PBR/environment pipeline, or GPU-specific capability."
webgpu_materials_cubemap_mipmaps,webgpu,unsupported_gpu,"Uses WebGL/WebGPU-only shaders, compute, render targets, postprocessing, shadow/PBR/environment pipeline, or GPU-specific capability."
webgpu_materials_displacementmap,webgpu,unsupported_gpu,"Uses WebGL/WebGPU-only shaders, compute, render targets, postprocessing, shadow/PBR/environment pipeline, or GPU-specific capability."
webgpu_materials_envmaps,webgpu,unsupported_gpu,"Uses WebGL/WebGPU-only shaders, compute, render targets, postprocessing, shadow/PBR/environment pipeline, or GPU-specific capability."
webgpu_materials_envmaps_bpcem,webgpu,unsupported_gpu,"Uses WebGL/WebGPU-only shaders, compute, render targets, postprocessing, shadow/PBR/environment pipeline, or GPU-specific capability."
webgpu_materials_envmaps_groundprojected,webgpu,unsupported_gpu,"Uses WebGL/WebGPU-only shaders, compute, render targets, postprocessing, shadow/PBR/environment pipeline, or GPU-specific capability."
webgpu_materials_lightmap,webgpu,unsupported_gpu,"Uses WebGL/WebGPU-only shaders, compute, render targets, postprocessing, shadow/PBR/environment pipeline, or GPU-specific capability."
webgpu_materials_matcap,webgpu,unsupported_gpu,"Uses WebGL/WebGPU-only shaders, compute, render targets, postprocessing, shadow/PBR/environment pipeline, or GPU-specific capability."
webgpu_materials_retroreflection,webgpu,unsupported_gpu,Requires WebGPU/TSL advanced material shading.
webgpu_materials_sss,webgpu,unsupported_gpu,"Uses WebGL/WebGPU-only shaders, compute, render targets, postprocessing, shadow/PBR/environment pipeline, or GPU-specific capability."
webgpu_materials_texture_html,webgpu,unsupported_gpu,"Uses WebGL/WebGPU-only shaders, compute, render targets, postprocessing, shadow/PBR/environment pipeline, or GPU-specific capability."
webgpu_materials_texture_manualmipmap,webgpu,unsupported_gpu,"Uses WebGL/WebGPU-only shaders, compute, render targets, postprocessing, shadow/PBR/environment pipeline, or GPU-specific capability."
webgpu_materials_toon,webgpu,unsupported_gpu,"Uses WebGL/WebGPU-only shaders, compute, render targets, postprocessing, shadow/PBR/environment pipeline, or GPU-specific capability."
webgpu_materials_transmission,webgpu,unsupported_gpu,"Uses WebGL/WebGPU-only shaders, compute, render targets, postprocessing, shadow/PBR/environment pipeline, or GPU-specific capability."
webgpu_materials_video,webgpu,external,Requires browser media/device integration; a CPU/Canvas2D video path is permitted.
webgpu_materialx_noise,webgpu,unsupported_gpu,"Uses WebGL/WebGPU-only shaders, compute, render targets, postprocessing, shadow/PBR/environment pipeline, or GPU-specific capability."
webgpu_mesh_batch,webgpu,unsupported_gpu,"Uses WebGL/WebGPU-only shaders, compute, render targets, postprocessing, shadow/PBR/environment pipeline, or GPU-specific capability."
webgpu_mirror,webgpu,unsupported_gpu,"Uses WebGL/WebGPU-only shaders, compute, render targets, postprocessing, shadow/PBR/environment pipeline, or GPU-specific capability."
webgpu_modifier_curve,webgpu,unsupported_gpu,"Uses WebGL/WebGPU-only shaders, compute, render targets, postprocessing, shadow/PBR/environment pipeline, or GPU-specific capability."
webgpu_morphtargets,webgpu,unsupported_gpu,"Uses WebGL/WebGPU-only shaders, compute, render targets, postprocessing, shadow/PBR/environment pipeline, or GPU-specific capability."
webgpu_morphtargets_face,webgpu,unsupported_gpu,"Uses WebGL/WebGPU-only shaders, compute, render targets, postprocessing, shadow/PBR/environment pipeline, or GPU-specific capability."
webgpu_mrt,webgpu,unsupported_gpu,"Uses WebGL/WebGPU-only shaders, compute, render targets, postprocessing, shadow/PBR/environment pipeline, or GPU-specific capability."
webgpu_mrt_mask,webgpu,unsupported_gpu,"Uses WebGL/WebGPU-only shaders, compute, render targets, postprocessing, shadow/PBR/environment pipeline, or GPU-specific capability."
webgpu_multiple_canvas,webgpu,unsupported_gpu,"Uses WebGL/WebGPU-only shaders, compute, render targets, postprocessing, shadow/PBR/environment pipeline, or GPU-specific capability."
webgpu_multiple_elements,webgpu,unsupported_gpu,"Uses WebGL/WebGPU-only shaders, compute, render targets, postprocessing, shadow/PBR/environment pipeline, or GPU-specific capability."
webgpu_multiple_rendertargets,webgpu,unsupported_gpu,"Uses WebGL/WebGPU-only shaders, compute, render targets, postprocessing, shadow/PBR/environment pipeline, or GPU-specific capability."
webgpu_multiple_rendertargets_readback,webgpu,unsupported_gpu,"Uses WebGL/WebGPU-only shaders, compute, render targets, postprocessing, shadow/PBR/environment pipeline, or GPU-specific capability."
webgpu_multisampled_renderbuffers,webgpu,unsupported_gpu,"Uses WebGL/WebGPU-only shaders, compute, render targets, postprocessing, shadow/PBR/environment pipeline, or GPU-specific capability."
webgpu_occlusion,webgpu,unsupported_gpu,"Uses WebGL/WebGPU-only shaders, compute, render targets, postprocessing, shadow/PBR/environment pipeline, or GPU-specific capability."
webgpu_ocean,webgpu,unsupported_gpu,"Uses WebGL/WebGPU-only shaders, compute, render targets, postprocessing, shadow/PBR/environment pipeline, or GPU-specific capability."
webgpu_parallax_uv,webgpu,unsupported_gpu,"Uses WebGL/WebGPU-only shaders, compute, render targets, postprocessing, shadow/PBR/environment pipeline, or GPU-specific capability."
webgpu_particles,webgpu,unsupported_gpu,"Uses WebGL/WebGPU-only shaders, compute, render targets, postprocessing, shadow/PBR/environment pipeline, or GPU-specific capability."
webgpu_particles_soft,webgpu,unsupported_gpu,Requires GPU particle simulation/soft-particle rendering.
webgpu_performance,webgpu,unsupported_gpu,"Uses WebGL/WebGPU-only shaders, compute, render targets, postprocessing, shadow/PBR/environment pipeline, or GPU-specific capability."
webgpu_performance_renderbundle,webgpu,unsupported_gpu,"Uses WebGL/WebGPU-only shaders, compute, render targets, postprocessing, shadow/PBR/environment pipeline, or GPU-specific capability."
webgpu_pmrem_cubemap,webgpu,unsupported_gpu,"Uses WebGL/WebGPU-only shaders, compute, render targets, postprocessing, shadow/PBR/environment pipeline, or GPU-specific capability."
webgpu_pmrem_equirectangular,webgpu,unsupported_gpu,"Uses WebGL/WebGPU-only shaders, compute, render targets, postprocessing, shadow/PBR/environment pipeline, or GPU-specific capability."
webgpu_pmrem_scene,webgpu,unsupported_gpu,"Uses WebGL/WebGPU-only shaders, compute, render targets, postprocessing, shadow/PBR/environment pipeline, or GPU-specific capability."
webgpu_pmrem_test,webgpu,unsupported_gpu,"Uses WebGL/WebGPU-only shaders, compute, render targets, postprocessing, shadow/PBR/environment pipeline, or GPU-specific capability."
webgpu_portal,webgpu,unsupported_gpu,"Uses WebGL/WebGPU-only shaders, compute, render targets, postprocessing, shadow/PBR/environment pipeline, or GPU-specific capability."
webgpu_postprocessing,webgpu,unsupported_gpu,"Uses WebGL/WebGPU-only shaders, compute, render targets, postprocessing, shadow/PBR/environment pipeline, or GPU-specific capability."
webgpu_postprocessing_3dlut,webgpu,unsupported_gpu,"Uses WebGL/WebGPU-only shaders, compute, render targets, postprocessing, shadow/PBR/environment pipeline, or GPU-specific capability."
webgpu_postprocessing_afterimage,webgpu,unsupported_gpu,"Uses WebGL/WebGPU-only shaders, compute, render targets, postprocessing, shadow/PBR/environment pipeline, or GPU-specific capability."
webgpu_postprocessing_anamorphic,webgpu,unsupported_gpu,"Uses WebGL/WebGPU-only shaders, compute, render targets, postprocessing, shadow/PBR/environment pipeline, or GPU-specific capability."
webgpu_postprocessing_ao,webgpu,unsupported_gpu,"Uses WebGL/WebGPU-only shaders, compute, render targets, postprocessing, shadow/PBR/environment pipeline, or GPU-specific capability."
webgpu_postprocessing_bloom,webgpu,unsupported_gpu,"Uses WebGL/WebGPU-only shaders, compute, render targets, postprocessing, shadow/PBR/environment pipeline, or GPU-specific capability."
webgpu_postprocessing_bloom_emissive,webgpu,unsupported_gpu,"Uses WebGL/WebGPU-only shaders, compute, render targets, postprocessing, shadow/PBR/environment pipeline, or GPU-specific capability."
webgpu_postprocessing_bloom_selective,webgpu,unsupported_gpu,"Uses WebGL/WebGPU-only shaders, compute, render targets, postprocessing, shadow/PBR/environment pipeline, or GPU-specific capability."
webgpu_postprocessing_ca,webgpu,unsupported_gpu,"Uses WebGL/WebGPU-only shaders, compute, render targets, postprocessing, shadow/PBR/environment pipeline, or GPU-specific capability."
webgpu_postprocessing_difference,webgpu,unsupported_gpu,"Uses WebGL/WebGPU-only shaders, compute, render targets, postprocessing, shadow/PBR/environment pipeline, or GPU-specific capability."
webgpu_postprocessing_dof,webgpu,unsupported_gpu,"Uses WebGL/WebGPU-only shaders, compute, render targets, postprocessing, shadow/PBR/environment pipeline, or GPU-specific capability."
webgpu_postprocessing_dof_basic,webgpu,unsupported_gpu,"Uses WebGL/WebGPU-only shaders, compute, render targets, postprocessing, shadow/PBR/environment pipeline, or GPU-specific capability."
webgpu_postprocessing_fxaa,webgpu,unsupported_gpu,"Uses WebGL/WebGPU-only shaders, compute, render targets, postprocessing, shadow/PBR/environment pipeline, or GPU-specific capability."
webgpu_postprocessing_godrays,webgpu,unsupported_gpu,"Uses WebGL/WebGPU-only shaders, compute, render targets, postprocessing, shadow/PBR/environment pipeline, or GPU-specific capability."
webgpu_postprocessing_lensflare,webgpu,unsupported_gpu,"Uses WebGL/WebGPU-only shaders, compute, render targets, postprocessing, shadow/PBR/environment pipeline, or GPU-specific capability."
webgpu_postprocessing_masking,webgpu,unsupported_gpu,"Uses WebGL/WebGPU-only shaders, compute, render targets, postprocessing, shadow/PBR/environment pipeline, or GPU-specific capability."
webgpu_postprocessing_motion_blur,webgpu,unsupported_gpu,"Uses WebGL/WebGPU-only shaders, compute, render targets, postprocessing, shadow/PBR/environment pipeline, or GPU-specific capability."
webgpu_postprocessing_outline,webgpu,unsupported_gpu,"Uses WebGL/WebGPU-only shaders, compute, render targets, postprocessing, shadow/PBR/environment pipeline, or GPU-specific capability."
webgpu_postprocessing_pixel,webgpu,unsupported_gpu,"Uses WebGL/WebGPU-only shaders, compute, render targets, postprocessing, shadow/PBR/environment pipeline, or GPU-specific capability."
webgpu_postprocessing_radial_blur,webgpu,unsupported_gpu,"Uses WebGL/WebGPU-only shaders, compute, render targets, postprocessing, shadow/PBR/environment pipeline, or GPU-specific capability."
webgpu_postprocessing_retro,webgpu,unsupported_gpu,"Uses WebGL/WebGPU-only shaders, compute, render targets, postprocessing, shadow/PBR/environment pipeline, or GPU-specific capability."
webgpu_postprocessing_smaa,webgpu,unsupported_gpu,"Uses WebGL/WebGPU-only shaders, compute, render targets, postprocessing, shadow/PBR/environment pipeline, or GPU-specific capability."
webgpu_postprocessing_sobel,webgpu,unsupported_gpu,"Uses WebGL/WebGPU-only shaders, compute, render targets, postprocessing, shadow/PBR/environment pipeline, or GPU-specific capability."
webgpu_postprocessing_ssaa,webgpu,unsupported_gpu,"Uses WebGL/WebGPU-only shaders, compute, render targets, postprocessing, shadow/PBR/environment pipeline, or GPU-specific capability."
webgpu_postprocessing_ssgi,webgpu,unsupported_gpu,"Uses WebGL/WebGPU-only shaders, compute, render targets, postprocessing, shadow/PBR/environment pipeline, or GPU-specific capability."
webgpu_postprocessing_ssgi_ballpool,webgpu,unsupported_gpu,"Uses WebGL/WebGPU-only shaders, compute, render targets, postprocessing, shadow/PBR/environment pipeline, or GPU-specific capability."
webgpu_postprocessing_ssr,webgpu,unsupported_gpu,"Uses WebGL/WebGPU-only shaders, compute, render targets, postprocessing, shadow/PBR/environment pipeline, or GPU-specific capability."
webgpu_postprocessing_ssr_denoise,webgpu,unsupported_gpu,"Uses WebGL/WebGPU-only shaders, compute, render targets, postprocessing, shadow/PBR/environment pipeline, or GPU-specific capability."
webgpu_postprocessing_sss,webgpu,unsupported_gpu,"Uses WebGL/WebGPU-only shaders, compute, render targets, postprocessing, shadow/PBR/environment pipeline, or GPU-specific capability."
webgpu_postprocessing_traa,webgpu,unsupported_gpu,"Uses WebGL/WebGPU-only shaders, compute, render targets, postprocessing, shadow/PBR/environment pipeline, or GPU-specific capability."
webgpu_postprocessing_transition,webgpu,unsupported_gpu,"Uses WebGL/WebGPU-only shaders, compute, render targets, postprocessing, shadow/PBR/environment pipeline, or GPU-specific capability."
webgpu_procedural_texture,webgpu,unsupported_gpu,"Uses WebGL/WebGPU-only shaders, compute, render targets, postprocessing, shadow/PBR/environment pipeline, or GPU-specific capability."
webgpu_reflection,webgpu,unsupported_gpu,"Uses WebGL/WebGPU-only shaders, compute, render targets, postprocessing, shadow/PBR/environment pipeline, or GPU-specific capability."
webgpu_reflection_blurred,webgpu,unsupported_gpu,"Uses WebGL/WebGPU-only shaders, compute, render targets, postprocessing, shadow/PBR/environment pipeline, or GPU-specific capability."
webgpu_reflection_roughness,webgpu,unsupported_gpu,"Uses WebGL/WebGPU-only shaders, compute, render targets, postprocessing, shadow/PBR/environment pipeline, or GPU-specific capability."
webgpu_refraction,webgpu,unsupported_gpu,"Uses WebGL/WebGPU-only shaders, compute, render targets, postprocessing, shadow/PBR/environment pipeline, or GPU-specific capability."
webgpu_rendertarget_2d-array_3d,webgpu,unsupported_gpu,"Uses WebGL/WebGPU-only shaders, compute, render targets, postprocessing, shadow/PBR/environment pipeline, or GPU-specific capability."
webgpu_reversed_depth_buffer,webgpu,unsupported_gpu,"Uses WebGL/WebGPU-only shaders, compute, render targets, postprocessing, shadow/PBR/environment pipeline, or GPU-specific capability."
webgpu_rtt,webgpu,unsupported_gpu,"Uses WebGL/WebGPU-only shaders, compute, render targets, postprocessing, shadow/PBR/environment pipeline, or GPU-specific capability."
webgpu_sandbox,webgpu,unsupported_gpu,"Uses WebGL/WebGPU-only shaders, compute, render targets, postprocessing, shadow/PBR/environment pipeline, or GPU-specific capability."
webgpu_shadertoy,webgpu,unsupported_gpu,"Uses WebGL/WebGPU-only shaders, compute, render targets, postprocessing, shadow/PBR/environment pipeline, or GPU-specific capability."
webgpu_shadow_contact,webgpu,unsupported_gpu,"Uses WebGL/WebGPU-only shaders, compute, render targets, postprocessing, shadow/PBR/environment pipeline, or GPU-specific capability."
webgpu_shadowmap,webgpu,unsupported_gpu,"Uses WebGL/WebGPU-only shaders, compute, render targets, postprocessing, shadow/PBR/environment pipeline, or GPU-specific capability."
webgpu_shadowmap_array,webgpu,unsupported_gpu,"Uses WebGL/WebGPU-only shaders, compute, render targets, postprocessing, shadow/PBR/environment pipeline, or GPU-specific capability."
webgpu_shadowmap_csm,webgpu,unsupported_gpu,"Uses WebGL/WebGPU-only shaders, compute, render targets, postprocessing, shadow/PBR/environment pipeline, or GPU-specific capability."
webgpu_shadowmap_opacity,webgpu,unsupported_gpu,"Uses WebGL/WebGPU-only shaders, compute, render targets, postprocessing, shadow/PBR/environment pipeline, or GPU-specific capability."
webgpu_shadowmap_pointlight,webgpu,unsupported_gpu,"Uses WebGL/WebGPU-only shaders, compute, render targets, postprocessing, shadow/PBR/environment pipeline, or GPU-specific capability."
webgpu_shadowmap_progressive,webgpu,unsupported_gpu,"Uses WebGL/WebGPU-only shaders, compute, render targets, postprocessing, shadow/PBR/environment pipeline, or GPU-specific capability."
webgpu_shadowmap_vsm,webgpu,unsupported_gpu,"Uses WebGL/WebGPU-only shaders, compute, render targets, postprocessing, shadow/PBR/environment pipeline, or GPU-specific capability."
webgpu_skinning,webgpu,unsupported_gpu,"Uses WebGL/WebGPU-only shaders, compute, render targets, postprocessing, shadow/PBR/environment pipeline, or GPU-specific capability."
webgpu_skinning_instancing,webgpu,unsupported_gpu,"Uses WebGL/WebGPU-only shaders, compute, render targets, postprocessing, shadow/PBR/environment pipeline, or GPU-specific capability."
webgpu_skinning_instancing_individual,webgpu,unsupported_gpu,"Uses WebGL/WebGPU-only shaders, compute, render targets, postprocessing, shadow/PBR/environment pipeline, or GPU-specific capability."
webgpu_skinning_points,webgpu,unsupported_gpu,"Uses WebGL/WebGPU-only shaders, compute, render targets, postprocessing, shadow/PBR/environment pipeline, or GPU-specific capability."
webgpu_sky,webgpu,unsupported_gpu,"Uses WebGL/WebGPU-only shaders, compute, render targets, postprocessing, shadow/PBR/environment pipeline, or GPU-specific capability."
webgpu_sprites,webgpu,unsupported_gpu,"Uses WebGL/WebGPU-only shaders, compute, render targets, postprocessing, shadow/PBR/environment pipeline, or GPU-specific capability."
webgpu_storage_buffer,webgpu,unsupported_gpu,"Uses WebGL/WebGPU-only shaders, compute, render targets, postprocessing, shadow/PBR/environment pipeline, or GPU-specific capability."
webgpu_struct_drawindirect,webgpu,unsupported_gpu,"Uses WebGL/WebGPU-only shaders, compute, render targets, postprocessing, shadow/PBR/environment pipeline, or GPU-specific capability."
webgpu_test_memory,webgpu,unsupported_gpu,"Uses WebGL/WebGPU-only shaders, compute, render targets, postprocessing, shadow/PBR/environment pipeline, or GPU-specific capability."
webgpu_texturegather,webgpu,unsupported_gpu,"Uses WebGL/WebGPU-only shaders, compute, render targets, postprocessing, shadow/PBR/environment pipeline, or GPU-specific capability."
webgpu_texturegrad,webgpu,unsupported_gpu,"Uses WebGL/WebGPU-only shaders, compute, render targets, postprocessing, shadow/PBR/environment pipeline, or GPU-specific capability."
webgpu_textures_2d-array,webgpu,unsupported_gpu,"Uses WebGL/WebGPU-only shaders, compute, render targets, postprocessing, shadow/PBR/environment pipeline, or GPU-specific capability."
webgpu_textures_2d-array_compressed,webgpu,unsupported_gpu,"Uses WebGL/WebGPU-only shaders, compute, render targets, postprocessing, shadow/PBR/environment pipeline, or GPU-specific capability."
webgpu_textures_anisotropy,webgpu,unsupported_gpu,"Uses WebGL/WebGPU-only shaders, compute, render targets, postprocessing, shadow/PBR/environment pipeline, or GPU-specific capability."
webgpu_textures_partialupdate,webgpu,unsupported_gpu,"Uses WebGL/WebGPU-only shaders, compute, render targets, postprocessing, shadow/PBR/environment pipeline, or GPU-specific capability."
webgpu_tonemapping,webgpu,unsupported_gpu,"Uses WebGL/WebGPU-only shaders, compute, render targets, postprocessing, shadow/PBR/environment pipeline, or GPU-specific capability."
webgpu_tsl_angular_slicing,webgpu,unsupported_gpu,"Uses WebGL/WebGPU-only shaders, compute, render targets, postprocessing, shadow/PBR/environment pipeline, or GPU-specific capability."
webgpu_tsl_compute_attractors_particles,webgpu,unsupported_gpu,"Uses WebGL/WebGPU-only shaders, compute, render targets, postprocessing, shadow/PBR/environment pipeline, or GPU-specific capability."
webgpu_tsl_earth,webgpu,unsupported_gpu,"Uses WebGL/WebGPU-only shaders, compute, render targets, postprocessing, shadow/PBR/environment pipeline, or GPU-specific capability."
webgpu_tsl_editor,webgpu,unsupported_gpu,"Uses WebGL/WebGPU-only shaders, compute, render targets, postprocessing, shadow/PBR/environment pipeline, or GPU-specific capability."
webgpu_tsl_galaxy,webgpu,unsupported_gpu,"Uses WebGL/WebGPU-only shaders, compute, render targets, postprocessing, shadow/PBR/environment pipeline, or GPU-specific capability."
webgpu_tsl_graph,webgpu,unsupported_gpu,"Uses WebGL/WebGPU-only shaders, compute, render targets, postprocessing, shadow/PBR/environment pipeline, or GPU-specific capability."
webgpu_tsl_halftone,webgpu,unsupported_gpu,"Uses WebGL/WebGPU-only shaders, compute, render targets, postprocessing, shadow/PBR/environment pipeline, or GPU-specific capability."
webgpu_tsl_interoperability,webgpu,unsupported_gpu,"Uses WebGL/WebGPU-only shaders, compute, render targets, postprocessing, shadow/PBR/environment pipeline, or GPU-specific capability."
webgpu_tsl_procedural_terrain,webgpu,unsupported_gpu,"Uses WebGL/WebGPU-only shaders, compute, render targets, postprocessing, shadow/PBR/environment pipeline, or GPU-specific capability."
webgpu_tsl_raging_sea,webgpu,unsupported_gpu,"Uses WebGL/WebGPU-only shaders, compute, render targets, postprocessing, shadow/PBR/environment pipeline, or GPU-specific capability."
webgpu_tsl_transpiler,webgpu,unsupported_gpu,"Uses WebGL/WebGPU-only shaders, compute, render targets, postprocessing, shadow/PBR/environment pipeline, or GPU-specific capability."
webgpu_tsl_vfx_flames,webgpu,unsupported_gpu,"Uses WebGL/WebGPU-only shaders, compute, render targets, postprocessing, shadow/PBR/environment pipeline, or GPU-specific capability."
webgpu_tsl_vfx_linkedparticles,webgpu,unsupported_gpu,"Uses WebGL/WebGPU-only shaders, compute, render targets, postprocessing, shadow/PBR/environment pipeline, or GPU-specific capability."
webgpu_tsl_vfx_tornado,webgpu,unsupported_gpu,"Uses WebGL/WebGPU-only shaders, compute, render targets, postprocessing, shadow/PBR/environment pipeline, or GPU-specific capability."
webgpu_tsl_wood,webgpu,unsupported_gpu,"Uses WebGL/WebGPU-only shaders, compute, render targets, postprocessing, shadow/PBR/environment pipeline, or GPU-specific capability."
webgpu_upscaling_fsr1,webgpu,unsupported_gpu,"Uses WebGL/WebGPU-only shaders, compute, render targets, postprocessing, shadow/PBR/environment pipeline, or GPU-specific capability."
webgpu_upscaling_taau,webgpu,unsupported_gpu,"Uses WebGL/WebGPU-only shaders, compute, render targets, postprocessing, shadow/PBR/environment pipeline, or GPU-specific capability."
webgpu_video_frame,webgpu,external,Requires browser media/device/worker integration.
webgpu_video_panorama,webgpu,external,Requires browser media/device/worker integration.
webgpu_volume_caustics,webgpu,unsupported_gpu,"Uses WebGL/WebGPU-only shaders, compute, render targets, postprocessing, shadow/PBR/environment pipeline, or GPU-specific capability."
webgpu_volume_cloud,webgpu,unsupported_gpu,"Uses WebGL/WebGPU-only shaders, compute, render targets, postprocessing, shadow/PBR/environment pipeline, or GPU-specific capability."
webgpu_volume_fire,webgpu,unsupported_gpu,"Uses WebGL/WebGPU-only shaders, compute, render targets, postprocessing, shadow/PBR/environment pipeline, or GPU-specific capability."
webgpu_volume_lighting,webgpu,unsupported_gpu,"Uses WebGL/WebGPU-only shaders, compute, render targets, postprocessing, shadow/PBR/environment pipeline, or GPU-specific capability."
webgpu_volume_lighting_rectarea,webgpu,unsupported_gpu,"Uses WebGL/WebGPU-only shaders, compute, render targets, postprocessing, shadow/PBR/environment pipeline, or GPU-specific capability."
webgpu_volume_lighting_traa,webgpu,unsupported_gpu,"Uses WebGL/WebGPU-only shaders, compute, render targets, postprocessing, shadow/PBR/environment pipeline, or GPU-specific capability."
webgpu_volume_perlin,webgpu,unsupported_gpu,"Uses WebGL/WebGPU-only shaders, compute, render targets, postprocessing, shadow/PBR/environment pipeline, or GPU-specific capability."
webgpu_water,webgpu,unsupported_gpu,"Uses WebGL/WebGPU-only shaders, compute, render targets, postprocessing, shadow/PBR/environment pipeline, or GPU-specific capability."
webgpu_xr_cubes,webgpu,external,Requires WebXR device/session support.
webgpu_xr_native_layers,webgpu,external,Requires WebXR device/session support.
webgpu_xr_rollercoaster,webgpu,external,Requires WebXR device/session support.
webgpu_xr_shadows,webgpu,external,Requires WebXR device/session integration.
webxr_ar_camera_access,webxr,external,Requires WebXR device/session support.
webxr_ar_cones,webxr,external,Requires WebXR device/session support.
webxr_ar_hittest,webxr,external,Requires WebXR device/session support.
webxr_ar_lighting,webxr,external,Requires WebXR device/session support.
webxr_ar_plane_detection,webxr,external,Requires WebXR device/session support.
webxr_vr_handinput,webxr,external,Requires WebXR device/session support.
webxr_vr_handinput_cubes,webxr,external,Requires WebXR device/session support.
webxr_vr_handinput_pointerclick,webxr,external,Requires WebXR device/session support.
webxr_vr_handinput_pointerdrag,webxr,external,Requires WebXR device/session support.
webxr_vr_handinput_pressbutton,webxr,external,Requires WebXR device/session support.
webxr_vr_handinput_profiles,webxr,external,Requires WebXR device/session support.
webxr_vr_layers,webxr,external,Requires WebXR device/session support.
webxr_vr_panorama,webxr,external,Requires WebXR device/session support.
webxr_vr_panorama_depth,webxr,external,Requires WebXR device/session support.
webxr_vr_rollercoaster,webxr,external,Requires WebXR device/session support.
webxr_vr_sandbox,webxr,external,Requires WebXR device/session support.
webxr_vr_teleport,webxr,external,Requires WebXR device/session support.
webxr_vr_video,webxr,external,Requires WebXR device/session support.
webxr_xr_ballshooter,webxr,external,Requires WebXR device/session support.
webxr_xr_controls_transform,webxr,external,Requires WebXR device/session support.
webxr_xr_cubes,webxr,external,Requires WebXR device/session support.
webxr_xr_dragging,webxr,external,Requires WebXR device/session support.
webxr_xr_dragging_custom_depth,webxr,external,Requires WebXR device/session support.
webxr_xr_haptics,webxr,external,Requires WebXR device/session support.
webxr_xr_marchingcubes,webxr,external,Requires WebXR device/session support.
webxr_xr_paint,webxr,external,Requires WebXR device/session support.
